{"stats":{"minecraft:mined":{"minecraft:crafting_table":2,"minecraft:grass":3,"minecraft:oak_log":35,"minecraft:vine":1,"minecraft:stone":19,"minecraft:oak_leaves":3,"immersive_weathering:oak_leaf_pile":58},"minecraft:used":{"minecraft:wooden_axe":99,"minecraft:stone_pickaxe":14,"minecraft:wooden_pickaxe":6,"minecraft:wooden_sword":10,"minecraft:crafting_table":2,"alexsmobs:animal_dictionary":1},"minecraft:killed":{"minecraft:skeleton":2,"minecraft:sheep":2,"minecraft:pig":4,"minecraft:cow":1},"minecraft:crafted":{"minecraft:oak_planks":116,"minecraft:crafting_table":1,"minecraft:stick":8,"minecraft:wooden_pickaxe":1,"minecraft:stone_pickaxe":1,"minecraft:wooden_axe":1,"minecraft:stone_sword":1,"minecraft:oak_button":1},"minecraft:picked_up":{"minecraft:stick":2,"minecraft:crafting_table":2,"minecraft:leather":2,"minecraft:porkchop":9,"minecraft:oak_log":29,"minecraft:bone":3,"minecraft:arrow":2,"minecraft:apple":1,"delightful:acorn":4,"minecraft:oak_sapling":14,"twigs:twig":6,"minecraft:mutton":3,"minecraft:white_wool":2,"minecraft:cobblestone":18},"minecraft:custom":{"minecraft:time_since_rest":330,"minecraft:sprint_one_cm":18282,"minecraft:walk_one_cm":13308,"minecraft:mob_kills":9,"minecraft:damage_dealt":1076,"minecraft:interact_with_crafting_table":3,"minecraft:swim_one_cm":1325,"minecraft:fly_one_cm":46268,"minecraft:open_barrel":5,"minecraft:play_time":10581,"minecraft:sneak_time":96,"minecraft:walk_under_water_one_cm":111,"minecraft:jump":127,"minecraft:leave_game":2,"minecraft:time_since_death":10581,"minecraft:walk_on_water_one_cm":1210,"minecraft:sleep_in_bed":1,"minecraft:climb_one_cm":3253,"minecraft:total_world_time":10581,"minecraft:fall_one_cm":1941}},"DataVersion":3120}