{"stats":{"minecraft:custom":{"minecraft:time_since_rest":12991,"minecraft:sprint_one_cm":17067,"minecraft:play_time":12991,"minecraft:walk_one_cm":7407,"minecraft:walk_under_water_one_cm":1235,"minecraft:mob_kills":3,"minecraft:jump":181,"minecraft:damage_dealt":240,"minecraft:leave_game":3,"minecraft:walk_on_water_one_cm":1498,"minecraft:time_since_death":12991,"minecraft:total_world_time":12991,"minecraft:fall_one_cm":3313,"minecraft:fly_one_cm":198211},"minecraft:used":{"minecraft:white_wool":3,"minecraft:wooden_sword":9,"minecraft:dirt":4,"minecraft:sand":6},"minecraft:picked_up":{"minecraft:mutton":4,"minecraft:dirt":4,"minecraft:white_wool":3},"minecraft:killed":{"minecraft:sheep":3},"minecraft:mined":{"minecraft:grass":3,"minecraft:seagrass":1,"minecraft:grass_block":4,"minecraft:oak_leaves":2}},"DataVersion":2975}