{"stats":{"minecraft:custom":{"minecraft:jump":24,"minecraft:time_since_rest":9084,"minecraft:leave_game":2,"minecraft:play_time":9084,"minecraft:sprint_one_cm":2141,"minecraft:walk_on_water_one_cm":67,"minecraft:time_since_death":9084,"minecraft:walk_one_cm":3993,"minecraft:total_world_time":9084,"minecraft:walk_under_water_one_cm":1052,"minecraft:fall_one_cm":209,"minecraft:fly_one_cm":126872},"minecraft:used":{"minecraft:wooden_sword":3,"minecraft:dirt":3},"minecraft:picked_up":{"minecraft:dirt":3},"minecraft:mined":{"minecraft:grass_block":3,"minecraft:oak_leaves":2}},"DataVersion":2975}