{"stats":{"minecraft:picked_up":{"minecraft:mutton":4,"minecraft:dirt":4,"minecraft:white_wool":3},"minecraft:custom":{"minecraft:time_since_rest":43226,"minecraft:crouch_one_cm":849,"minecraft:sprint_one_cm":61578,"minecraft:play_time":43226,"minecraft:damage_taken":40,"minecraft:walk_one_cm":32787,"minecraft:sneak_time":566,"minecraft:walk_under_water_one_cm":4005,"minecraft:mob_kills":4,"minecraft:jump":587,"minecraft:damage_dealt":290,"minecraft:leave_game":6,"minecraft:walk_on_water_one_cm":4103,"minecraft:time_since_death":43226,"minecraft:climb_one_cm":6703,"minecraft:total_world_time":43226,"minecraft:swim_one_cm":2587,"minecraft:fall_one_cm":5511,"minecraft:fly_one_cm":510314},"minecraft:used":{"minecraft:white_wool":3,"minecraft:wooden_sword":10,"minecraft:dirt":4,"minecraft:sand":6,"minecraft:grass_block":65},"minecraft:killed":{"minecraft:sheep":3,"minecraft:chicken":1},"minecraft:mined":{"minecraft:seagrass":1,"minecraft:grass":3,"minecraft:grass_block":4,"minecraft:oak_leaves":2}},"DataVersion":2975}