{"stats":{"minecraft:mined":{"minecraft:seagrass":1,"minecraft:grass":3,"minecraft:grass_block":5,"minecraft:oak_log":6,"minecraft:dirt":1,"minecraft:stone":21,"minecraft:oak_leaves":4},"minecraft:picked_up":{"minecraft:oak_log":6,"minecraft:dirt":6,"delightful:acorn":1,"minecraft:oak_sapling":2,"minecraft:mutton":4,"minecraft:white_wool":3,"minecraft:cobblestone":21},"minecraft:used":{"minecraft:oak_log":2,"minecraft:grass_block":66,"minecraft:stone_pickaxe":21,"minecraft:oak_planks":2,"minecraft:wooden_pickaxe":3,"minecraft:white_wool":3,"minecraft:wooden_sword":10,"minecraft:dirt":4,"minecraft:sand":6,"minecraft:crafting_table":1},"minecraft:killed":{"minecraft:sheep":3,"minecraft:chicken":1},"minecraft:custom":{"minecraft:time_since_rest":52251,"minecraft:sprint_one_cm":74770,"minecraft:damage_taken":40,"minecraft:walk_one_cm":49553,"minecraft:mob_kills":4,"minecraft:damage_dealt":320,"minecraft:swim_one_cm":3105,"minecraft:interact_with_crafting_table":3,"minecraft:fly_one_cm":525053,"minecraft:crouch_one_cm":961,"minecraft:play_time":52251,"minecraft:walk_under_water_one_cm":4109,"minecraft:sneak_time":686,"minecraft:jump":634,"minecraft:leave_game":8,"minecraft:time_since_death":52251,"minecraft:walk_on_water_one_cm":5469,"minecraft:total_world_time":52251,"minecraft:climb_one_cm":6703,"minecraft:fall_one_cm":5989},"minecraft:crafted":{"minecraft:oak_planks":16,"minecraft:crafting_table":1,"minecraft:stick":8,"minecraft:wooden_pickaxe":1,"minecraft:stone_pickaxe":1,"minecraft:stone_axe":1}},"DataVersion":2975}