{"stats":{"minecraft:custom":{"minecraft:jump":3,"minecraft:time_since_rest":3567,"minecraft:leave_game":1,"minecraft:sprint_one_cm":533,"minecraft:play_time":3567,"minecraft:time_since_death":3567,"minecraft:walk_one_cm":3125,"minecraft:total_world_time":3567,"minecraft:fall_one_cm":209,"minecraft:fly_one_cm":402},"minecraft:used":{"minecraft:dirt":3,"minecraft:wooden_sword":3},"minecraft:picked_up":{"minecraft:dirt":3},"minecraft:mined":{"minecraft:grass_block":3,"minecraft:oak_leaves":2}},"DataVersion":2975}