{"stats":{"minecraft:used":{"minecraft:white_wool":3,"minecraft:wooden_sword":10,"minecraft:dirt":4,"minecraft:sand":6,"minecraft:grass_block":62},"minecraft:mined":{"minecraft:seagrass":1,"minecraft:grass":3,"minecraft:grass_block":4,"minecraft:oak_leaves":2},"minecraft:killed":{"minecraft:sheep":3,"minecraft:chicken":1},"minecraft:picked_up":{"minecraft:mutton":4,"minecraft:dirt":4,"minecraft:white_wool":3},"minecraft:custom":{"minecraft:time_since_rest":33928,"minecraft:crouch_one_cm":836,"minecraft:sprint_one_cm":36481,"minecraft:play_time":33928,"minecraft:damage_taken":40,"minecraft:walk_one_cm":23275,"minecraft:sneak_time":454,"minecraft:walk_under_water_one_cm":3672,"minecraft:mob_kills":4,"minecraft:jump":382,"minecraft:damage_dealt":290,"minecraft:leave_game":5,"minecraft:walk_on_water_one_cm":1800,"minecraft:time_since_death":33928,"minecraft:climb_one_cm":6703,"minecraft:total_world_time":33928,"minecraft:fall_one_cm":5511,"minecraft:fly_one_cm":439057}},"DataVersion":2975}